0,1,2,group
phe_571_5,chr22.43928847.C.G_C,1.35961852176513e-227,EUR
phe_571_5,chr22.43928975.G.A_G,3.27988023017324e-227,EUR
phe_571,chr22.43928847.C.G_C,1.3295677014961502e-223,EUR
phe_571,chr22.43928975.G.A_G,2.0202015546576303e-223,EUR
phe_573_7,chr22.43928847.C.G_C,2.07161331989616e-191,EUR
phe_573_7,chr22.43928975.G.A_G,1.38294925133103e-189,EUR
phe_270_34,chr14.94378610.C.T_C,2.4434018513150197e-160,EUR
phe_278_1,chr16.53769311.G.A_G,1.44238483404352e-125,EUR
phe_278_1,chr16.53788590.T.G_T,1.3608497461346e-119,EUR
phe_278,chr16.53769311.G.A_G,1.81438153243071e-114,EUR
phe_278,chr16.53788590.T.G_T,1.65467678575057e-108,EUR
phe_571_51,chr22.43928847.C.G_C,3.66465692609106e-95,EUR
phe_571_51,chr22.43928975.G.A_G,7.39169295602649e-95,EUR
phe_250_2,chr16.53769311.G.A_G,1.60082005674825e-87,EUR
phe_250,chr16.53769311.G.A_G,5.98714473033529e-87,EUR
phe_250_2,chr16.53788590.T.G_T,2.24555440493888e-85,EUR
phe_250,chr16.53788590.T.G_T,7.86146465816312e-85,EUR
phe_278_11,chr16.53769311.G.A_G,4.67364155889697e-84,EUR
phe_278_11,chr16.53788590.T.G_T,6.23076601077555e-80,EUR
phe_317_11,chr22.43928975.G.A_G,1.2757596141917e-67,EUR
phe_317_11,chr22.43928847.C.G_C,6.605199176685271e-67,EUR
phe_530_2,chr22.43928847.C.G_C,7.81223200079892e-67,EUR
phe_274_1,chr2.27508073.T.C_T,1.91894563499149e-66,EUR
phe_530_2,chr22.43928975.G.A_G,5.6737707691713e-66,EUR
phe_274,chr2.27508073.T.C_T,1.61976155643827e-63,EUR
phe_274_1,chr2.27375230.T.C_T,5.60565645862586e-60,EUR
phe_571_8,chr22.43928847.C.G_C,3.5092937164601e-59,EUR
phe_571_8,chr22.43928975.G.A_G,4.12483892233811e-59,EUR
phe_274,chr2.27375230.T.C_T,3.2793389427256897e-57,EUR
phe_250_24,chr16.53769311.G.A_G,1.40651411479627e-55,EUR
phe_571_81,chr22.43928975.G.A_G,6.57277973687943e-54,EUR
phe_571_81,chr22.43928847.C.G_C,8.873507658686981e-54,EUR
phe_250_24,chr16.53788590.T.G_T,3.12810399667902e-53,EUR
phe_272_1,chrX.110576992.G.T_G,5.90359310955829e-51,EUR
phe_272,chrX.110576992.G.T_G,9.27975413145684e-51,EUR
phe_272_1,chrX.110685204.G.A_G,1.3240482238101099e-50,EUR
phe_272,chrX.110685204.G.A_G,1.94488355142199e-50,EUR
phe_270_3,chr14.94378610.C.T_C,2.57395905541813e-49,EUR
phe_272,chrX.110445924.A.G_A,3.97194728156316e-46,EUR
phe_272_1,chrX.110445924.A.G_A,4.8917837728938505e-46,EUR
phe_327_3,chr16.53769311.G.A_G,9.4065818397584e-40,EUR
phe_572,chr22.43928975.G.A_G,1.08961778585564e-38,EUR
phe_272_12,chr2.27508073.T.C_T,1.78973634476122e-38,EUR
phe_327_32,chr16.53769311.G.A_G,4.6192355924169e-38,EUR
phe_327_3,chr16.53788590.T.G_T,8.97170227609458e-38,EUR
phe_572,chr22.43928847.C.G_C,1.44822656910883e-37,EUR
phe_272_12,chr2.27375230.T.C_T,2.17710083790262e-37,EUR
phe_270,chr14.94378610.C.T_C,1.0271812054240199e-36,EUR
phe_250_7,chr16.53769311.G.A_G,1.93190377804991e-36,EUR
phe_327_32,chr16.53788590.T.G_T,1.2500126679653802e-35,EUR
phe_250_7,chr16.53788590.T.G_T,2.74620262974708e-34,EUR
phe_250_23,chr16.53769311.G.A_G,4.74033916340662e-34,EUR
phe_250_23,chr16.53788590.T.G_T,1.6719282945422e-32,EUR
phe_155,chr22.43928975.G.A_G,7.26454157209226e-32,EUR
phe_690,chr6.32690533.G.A_G,1.31200037420245e-31,EUR
phe_155,chr22.43928847.C.G_C,2.40659882828003e-31,EUR
phe_690_1,chr6.32690533.G.A_G,3.02520294488819e-31,EUR
phe_155_1,chr22.43928975.G.A_G,9.632006155567831e-31,EUR
phe_782_3,chr16.53769311.G.A_G,1.14007241369542e-30,EUR
phe_155_1,chr22.43928847.C.G_C,2.73026462332255e-30,EUR
phe_573_2,chr14.94378610.C.T_C,4.27353201792178e-29,EUR
phe_557_1,chr6.32690533.G.A_G,1.2146480967690398e-28,EUR
phe_782_3,chr16.53788590.T.G_T,2.4745443101627998e-28,EUR
phe_401,chr16.53769311.G.A_G,8.180603196199029e-28,EUR
phe_401_1,chr16.53769311.G.A_G,1.00774663833826e-27,EUR
phe_272_1,chr2.27508073.T.C_T,1.3537676822216e-27,EUR
phe_272,chr2.27508073.T.C_T,2.08183559803335e-27,EUR
phe_573_6,chr22.43928847.C.G_C,3.79381003537221e-27,EUR
phe_573_6,chr22.43928975.G.A_G,1.198908453563e-26,EUR
phe_401,chr16.53788590.T.G_T,1.34652252492982e-26,EUR
phe_272_1,chr2.27375230.T.C_T,1.35648684651355e-26,EUR
phe_272,chr2.27375230.T.C_T,2.25466271074226e-26,EUR
phe_401_1,chr16.53788590.T.G_T,2.5524132484354099e-26,EUR
phe_456,chr16.53769311.G.A_G,6.22798017579518e-26,EUR
phe_573_2,chr22.43928975.G.A_G,3.9787808312319103e-25,EUR
phe_573_2,chr22.43928847.C.G_C,4.5755825530756e-25,EUR
phe_250_22,chr16.53769311.G.A_G,8.19917127561628e-25,EUR
phe_456,chr16.53788590.T.G_T,5.7913026787290305e-24,EUR
phe_287_3,chr22.43928847.C.G_C,1.0627227183692699e-22,EUR
phe_250_22,chr16.53788590.T.G_T,2.34322995004582e-22,EUR
phe_287,chr22.43928847.C.G_C,2.58610739602152e-22,EUR
phe_287_3,chr22.43928975.G.A_G,3.0660258239926e-22,EUR
phe_287,chr22.43928975.G.A_G,6.38793819688369e-22,EUR
phe_110_11,chr16.53769311.G.A_G,9.143755932374469e-22,EUR
phe_707,chr16.53769311.G.A_G,9.99520249351543e-22,EUR
phe_117_1,chr6.32690533.G.A_G,3.51151249947018e-21,EUR
phe_707_2,chr16.53769311.G.A_G,4.7241792609641905e-21,EUR
phe_707,chr16.53788590.T.G_T,6.48524868261482e-21,EUR
phe_573_9,chr22.43928975.G.A_G,3.32976810502689e-20,EUR
phe_573_9,chr22.43928847.C.G_C,3.98843819555807e-20,EUR
phe_707_2,chr16.53788590.T.G_T,6.89441154968415e-20,EUR
phe_250_6,chr16.53769311.G.A_G,2.29916787375393e-19,EUR
phe_110_11,chr16.53788590.T.G_T,4.92945508937946e-19,EUR
phe_335,chr6.32690533.G.A_G,1.29794621462428e-18,EUR
phe_428,chr16.53769311.G.A_G,1.89719851096834e-18,EUR
phe_250_25,chr16.53769311.G.A_G,2.65509993415321e-18,EUR
phe_250,chr7.14991825.C.T_C,3.5036263464456e-18,EUR
phe_573_7,chr4.87260339.C.A_C,3.95574913740433e-18,EUR
phe_250_6,chr16.53788590.T.G_T,4.40938449624938e-18,EUR
phe_250_2,chr2.27508073.T.C_T,6.4016842555225594e-18,EUR
phe_250_2,chr7.14991825.C.T_C,9.332891006970001e-18,EUR
phe_250,chr2.27508073.T.C_T,1.54063298605433e-17,EUR
phe_573,chr22.43928975.G.A_G,1.85546377719846e-17,EUR
phe_274_1,chr22.43928847.C.G_C,3.04980634188896e-17,EUR
phe_250_1,chr16.53769311.G.A_G,3.15377524191867e-17,EUR
phe_274,chr22.43928847.C.G_C,4.40433329888477e-17,EUR
phe_274_1,chr22.43928975.G.A_G,5.25093320051553e-17,EUR
phe_317,chr16.53769311.G.A_G,6.60438753197478e-17,EUR
phe_250_25,chr16.53788590.T.G_T,8.08652448918417e-17,EUR
phe_274,chr22.43928975.G.A_G,8.733774285178321e-17,EUR
phe_573,chr22.43928847.C.G_C,9.437868526821941e-17,EUR
phe_700,chr16.53769311.G.A_G,1.0706235590864199e-16,EUR
phe_250_2,chr2.27375230.T.C_T,1.43572552869029e-16,EUR
phe_250,chr2.27375230.T.C_T,2.94968933666128e-16,EUR
phe_110_1,chr16.53769311.G.A_G,3.40696965392151e-16,EUR
phe_110,chr16.53769311.G.A_G,3.42125848424967e-16,EUR
phe_172_22,chr6.32690533.G.A_G,3.99154467879781e-16,EUR
phe_428,chr16.53788590.T.G_T,4.58916555667685e-16,EUR
phe_274_11,chr2.27508073.T.C_T,8.78982378195473e-16,EUR
phe_272_13,chr2.27508073.T.C_T,9.34846614259335e-16,EUR
phe_428_1,chr16.53769311.G.A_G,9.95715867807444e-16,EUR
phe_571_5,chr2.27508073.T.C_T,1.02120556386785e-15,EUR
phe_703,chr16.53769311.G.A_G,1.4330129189311202e-15,EUR
phe_411_4,chrX.110576992.G.T_G,1.5806542769598e-15,EUR
phe_550,chrX.110576992.G.T_G,2.57234613037783e-15,EUR
phe_571_5,chr2.27375230.T.C_T,2.7721778997343203e-15,EUR
phe_272_13,chrX.110576992.G.T_G,3.3800690015775403e-15,EUR
phe_272_13,chrX.110445924.A.G_A,3.6926175371301304e-15,EUR
phe_700,chr16.53788590.T.G_T,3.9414527660766205e-15,EUR
phe_411_4,chrX.110685204.G.A_G,4.27411718083317e-15,EUR
phe_585_1,chr16.53769311.G.A_G,5.114277858469141e-15,EUR
phe_317,chr16.53788590.T.G_T,6.5190392230972e-15,EUR
phe_274_1,chr1.26958422.C.T_C,6.8200902416775505e-15,EUR
phe_571,chr2.27508073.T.C_T,9.700909476633162e-15,EUR
phe_681,chr16.53788590.T.G_T,1.0457969079523e-14,EUR
phe_250_13,chr6.32690533.G.A_G,1.09628980975102e-14,EUR
phe_274_11,chr2.27375230.T.C_T,1.15464407472743e-14,EUR
phe_681,chr16.53769311.G.A_G,1.23767380210907e-14,EUR
phe_272_13,chrX.110685204.G.A_G,1.26546069521441e-14,EUR
phe_278_1,chr16.28840056.C.CCT_C,1.37538379778176e-14,EUR
phe_573_3,chr22.43928975.G.A_G,1.42844706908568e-14,EUR
phe_250_1,chr16.53788590.T.G_T,1.5108282810053e-14,EUR
phe_585,chr16.53769311.G.A_G,1.59918622555409e-14,EUR
phe_272_13,chr2.27375230.T.C_T,2.08124447626407e-14,EUR
phe_571,chr2.27375230.T.C_T,2.39504636592035e-14,EUR
phe_274,chr1.26958422.C.T_C,2.59404575700105e-14,EUR
phe_703,chr16.53788590.T.G_T,2.87196236506176e-14,EUR
phe_573_3,chr22.43928847.C.G_C,3.2069914342044603e-14,EUR
phe_317,chr2.27508073.T.C_T,3.58164980067226e-14,EUR
phe_277_6,chr14.94378610.C.T_C,5.3959251815788e-14,EUR
phe_681_5,chr16.53769311.G.A_G,6.9034089843261e-14,EUR
phe_317,chr2.27375230.T.C_T,8.10215190722575e-14,EUR
phe_272,chr16.53769311.G.A_G,9.05092356483479e-14,EUR
phe_428_1,chr16.53788590.T.G_T,1.05793267060021e-13,EUR
phe_272_1,chr16.53769311.G.A_G,1.06295291140272e-13,EUR
phe_110,chr16.53788590.T.G_T,1.81916012380515e-13,EUR
phe_573_7,chr14.94378610.C.T_C,1.92269792591875e-13,EUR
phe_573_7,chr2.27508073.T.C_T,1.99147326997494e-13,EUR
phe_411_4,chrX.110445924.A.G_A,2.11015288142793e-13,EUR
phe_427_2,chr10.63431885.G.T_G,2.14261804148462e-13,EUR
phe_550,chrX.110685204.G.A_G,2.32315437652746e-13,EUR
phe_585,chr16.53788590.T.G_T,2.36812571522251e-13,EUR
phe_110_1,chr16.53788590.T.G_T,2.5524832729171397e-13,EUR
phe_250_3,chr16.53769311.G.A_G,2.73703404042047e-13,EUR
phe_401_2,chr16.53769311.G.A_G,3.74400929272281e-13,EUR
phe_427_21,chr10.63400561.T.C_T,3.86310195615381e-13,EUR
phe_427_21,chr10.63431885.G.T_G,4.47885637097573e-13,EUR
phe_735,chr16.53769311.G.A_G,4.57201329313921e-13,EUR
phe_427_2,chr10.63400561.T.C_T,4.61400460171314e-13,EUR
phe_427_21,chr10.63501416.CT.C_CT,4.74735077915178e-13,EUR
phe_585_1,chr16.53788590.T.G_T,5.434059212841889e-13,EUR
phe_272,chr16.53788590.T.G_T,5.50082433191235e-13,EUR
phe_411,chrX.110576992.G.T_G,5.5966613071881e-13,EUR
phe_272_1,chr16.53788590.T.G_T,5.69326703213688e-13,EUR
phe_573_7,chr2.27375230.T.C_T,5.7941432315404e-13,EUR
phe_272,chr12.120977587.T.C_T,6.13747640319806e-13,EUR
phe_427_2,chr10.63501416.CT.C_CT,6.59016519398617e-13,EUR
phe_317_1,chr16.53769311.G.A_G,6.94787262585965e-13,EUR
phe_579_2,chr22.43928975.G.A_G,8.12082967748107e-13,EUR
phe_272_1,chr12.120977587.T.C_T,8.98238906518543e-13,EUR
phe_571_51,chr14.94378610.C.T_C,1.0862189286434099e-12,EUR
phe_579_2,chr22.43928847.C.G_C,1.13374717144505e-12,EUR
phe_735,chr16.53788590.T.G_T,1.18415633381162e-12,EUR
phe_428_3,chr16.53769311.G.A_G,1.24278639705179e-12,EUR
phe_585_3,chr16.53769311.G.A_G,1.43282155958645e-12,EUR
phe_411,chrX.110685204.G.A_G,1.44168329895297e-12,EUR
phe_172,chr6.32690533.G.A_G,1.7335004430724899e-12,EUR
phe_681_5,chr16.53788590.T.G_T,2.0774134414090198e-12,EUR
phe_710,chr16.53788590.T.G_T,2.1898150961487097e-12,EUR
phe_454_11,chr16.53769311.G.A_G,2.5896094189413297e-12,EUR
phe_579,chr22.43928975.G.A_G,2.90771780768877e-12,EUR
phe_172_2,chr6.32690533.G.A_G,3.0144100451882798e-12,EUR
phe_710,chr16.53769311.G.A_G,3.2662500559304397e-12,EUR
phe_550,chrX.110445924.A.G_A,3.9079330983988094e-12,EUR
phe_585_3,chr16.53788590.T.G_T,5.51149648865429e-12,EUR
phe_250_3,chr16.53788590.T.G_T,5.60171975252313e-12,EUR
phe_278,chr16.28840056.C.CCT_C,5.7248553903034396e-12,EUR
phe_571,chr4.87260339.C.A_C,6.26850011644502e-12,EUR
phe_579,chr22.43928847.C.G_C,7.92820291340984e-12,EUR
phe_280,chr16.53769311.G.A_G,1.08693100996319e-11,EUR
phe_401_2,chr16.53788590.T.G_T,1.16014525755377e-11,EUR
phe_710_1,chr16.53788590.T.G_T,1.1796454081566499e-11,EUR
phe_411,chrX.110445924.A.G_A,1.4033722914281699e-11,EUR
phe_454_11,chr16.53788590.T.G_T,1.4434125156555299e-11,EUR
phe_710_1,chr16.53769311.G.A_G,1.80602223056642e-11,EUR
phe_317_1,chr16.53788590.T.G_T,2.0456727206084e-11,EUR
phe_250_1,chr6.32690533.G.A_G,2.0791503394196e-11,EUR
phe_401_22,chr16.53769311.G.A_G,3.0076724617150495e-11,EUR
phe_571_5,chr4.87260339.C.A_C,3.05349835596879e-11,EUR
phe_250,chr1.39536713.GA.G_GA,3.81555794428302e-11,EUR
phe_250_2,chr1.39536713.GA.G_GA,3.8485521863735295e-11,EUR
phe_274_1,chr2.27891044.A.G_A,4.16025975544922e-11,EUR
phe_285,chr16.53769311.G.A_G,4.4379029609778194e-11,EUR
phe_796,chr14.94378610.C.T_C,4.9789836566366396e-11,EUR
phe_696_4,chr6.32690533.G.A_G,5.1231643646596595e-11,EUR
phe_362,chr16.53788590.T.G_T,5.680319650649979e-11,EUR
phe_411,chr16.53769311.G.A_G,5.7215313475336295e-11,EUR
phe_696,chr6.32690533.G.A_G,7.14146897668825e-11,EUR
phe_710_19,chr16.53788590.T.G_T,7.47166159186639e-11,EUR
phe_250_7,chr22.43928847.C.G_C,7.69132126040726e-11,EUR
phe_428_3,chr16.53788590.T.G_T,7.85464260696697e-11,EUR
phe_411_4,chr16.53769311.G.A_G,7.86240546333568e-11,EUR
phe_454_1,chr16.53769311.G.A_G,8.014775859574919e-11,EUR
phe_250_7,chr22.43928975.G.A_G,9.148490999455729e-11,EUR
phe_696_41,chr6.32690533.G.A_G,1.19080582209687e-10,EUR
phe_280,chr16.53788590.T.G_T,1.29041611476142e-10,EUR
phe_411,chr16.53788590.T.G_T,1.29189182138681e-10,EUR
phe_285,chr16.53788590.T.G_T,1.55410770845717e-10,EUR
phe_571_51,chr4.87260339.C.A_C,1.6587900954257702e-10,EUR
phe_202_21,chr6.32690533.G.A_G,1.77335087784135e-10,EUR
phe_710_19,chr16.53769311.G.A_G,1.84345019143688e-10,EUR
phe_317_1,chr2.27508073.T.C_T,1.95930064058349e-10,EUR
phe_285_2,chr16.53769311.G.A_G,2.24604311186667e-10,EUR
phe_401_22,chr16.53788590.T.G_T,2.5971223803384703e-10,EUR
phe_571,chr14.94378610.C.T_C,2.67268081835727e-10,EUR
phe_278_1,chr16.28817907.A.G_A,2.89925482739805e-10,EUR
phe_735_2,chr16.53788590.T.G_T,2.93931983476231e-10,EUR
phe_250_12,chr6.32690533.G.A_G,3.15229470697118e-10,EUR
phe_284,chr22.43928975.G.A_G,3.45371981147439e-10,EUR
phe_411_4,chr16.53788590.T.G_T,3.83601875930438e-10,EUR
phe_272,chr12.120978819.C.G_C,5.03886935954139e-10,EUR
phe_284,chr22.43928847.C.G_C,5.28050468744672e-10,EUR
phe_272_1,chr12.120978819.C.G_C,5.620021703721921e-10,EUR
phe_362,chr16.53769311.G.A_G,5.70800950709896e-10,EUR
phe_735_2,chr16.53769311.G.A_G,5.76514481280827e-10,EUR
phe_550_4,chrX.110685204.G.A_G,5.77825162046925e-10,EUR
phe_790_6,chr22.43928847.C.G_C,5.95158025614846e-10,EUR
phe_702_1,chr6.32690533.G.A_G,6.02043688073789e-10,EUR
phe_571_5,chr14.94378610.C.T_C,6.09265343120645e-10,EUR
phe_454_1,chr16.53788590.T.G_T,6.0962440839639e-10,EUR
phe_250_14,chr6.32690533.G.A_G,6.73401121850387e-10,EUR
phe_735_21,chr16.53769311.G.A_G,6.809663468536351e-10,EUR
phe_285_2,chr16.53788590.T.G_T,6.98002855537946e-10,EUR
phe_350_2,chr16.53769311.G.A_G,7.57908105421135e-10,EUR
phe_278,chr16.28817907.A.G_A,8.005143567079e-10,EUR
phe_317_1,chr2.27375230.T.C_T,8.10083492558173e-10,EUR
phe_454,chr16.53769311.G.A_G,8.831205518829271e-10,EUR
phe_790_6,chr22.43928975.G.A_G,8.990002177615381e-10,EUR
phe_707_1,chr16.53769311.G.A_G,9.55513830825414e-10,EUR
phe_411,chr17.49283527.C.T_C,1.01477961152839e-09,EUR
phe_427_2,chr16.53769311.G.A_G,1.05364572729683e-09,EUR
phe_411,chr17.49355215.T.C_T,1.2460917488639401e-09,EUR
phe_427_2,chr16.53788590.T.G_T,1.3664173909096202e-09,EUR
phe_250_23,chr22.43928847.C.G_C,1.3998996225533102e-09,EUR
phe_274,chr2.27891044.A.G_A,1.5327478719989402e-09,EUR
phe_411_8,chrX.110445924.A.G_A,1.6429469706890302e-09,EUR
phe_741,chr16.53769311.G.A_G,1.6871228756138302e-09,EUR
phe_250_23,chr22.43928975.G.A_G,1.6955131910810802e-09,EUR
phe_411,chr17.49286745.C.T_C,1.6958984247966302e-09,EUR
phe_550,chrX.8912639.A.G_A,1.7230551817952601e-09,EUR
phe_250_2,chr22.43928847.C.G_C,1.7811569426872702e-09,EUR
phe_117,chr6.32690533.G.A_G,1.9759724923396203e-09,EUR
phe_285_21,chr16.53769311.G.A_G,1.9930908290977502e-09,EUR
phe_280_1,chr16.53769311.G.A_G,2.01200315923558e-09,EUR
phe_585_33,chr16.53769311.G.A_G,2.0915983222257102e-09,EUR
phe_454,chr16.53788590.T.G_T,2.09160079666482e-09,EUR
phe_250,chr22.43928847.C.G_C,2.45452388251715e-09,EUR
phe_735_21,chr16.53788590.T.G_T,2.6239621491585302e-09,EUR
phe_550_4,chrX.110576992.G.T_G,3.1150282915943602e-09,EUR
phe_272_11,chrX.110685204.G.A_G,3.1754376359034804e-09,EUR
phe_284_1,chr22.43928975.G.A_G,3.2472027682728203e-09,EUR
phe_427_21,chr16.53788590.T.G_T,3.82145925456305e-09,EUR
phe_707_1,chr16.53788590.T.G_T,3.850978718451541e-09,EUR
phe_427_21,chr16.53769311.G.A_G,4.56762450810926e-09,EUR
phe_411_4,chr17.49283527.C.T_C,4.63963649655204e-09,EUR
phe_284_1,chr22.43928847.C.G_C,4.76516562445095e-09,EUR
phe_496_1,chr14.94378610.C.T_C,5.86465103907473e-09,EUR
phe_411,chr14.94378610.C.T_C,5.96141635156989e-09,EUR
phe_272_11,chrX.110576992.G.T_G,6.0346048577301e-09,EUR
phe_796,chrX.8938654.T.C_T,6.5655199375671105e-09,EUR
phe_537,chr22.43928975.G.A_G,6.6542974343984605e-09,EUR
phe_250_2,chr22.43928975.G.A_G,6.682488117983691e-09,EUR
phe_796,chrX.8912639.A.G_A,7.114465652976151e-09,EUR
phe_285_21,chr16.53788590.T.G_T,7.38617060165645e-09,EUR
phe_411_4,chr17.49355215.T.C_T,7.84883021057601e-09,EUR
phe_350_2,chr16.53788590.T.G_T,8.502646807190651e-09,EUR
phe_250,chr22.43928975.G.A_G,8.909014904277141e-09,EUR
phe_272,chr6.32690533.G.A_G,9.28610398184578e-09,EUR
phe_411_4,chr17.49286745.C.T_C,1.03621845741937e-08,EUR
phe_695_21,chr6.32690533.G.A_G,1.09518142649716e-08,EUR
phe_395_2,chr16.53769311.G.A_G,1.14707798564149e-08,EUR
phe_702_1,chr16.28817907.A.G_A,1.16541640064968e-08,EUR
phe_250_7,chr2.27508073.T.C_T,1.20738313147068e-08,EUR
phe_272_1,chr6.32690533.G.A_G,1.29731857540538e-08,EUR
phe_740,chr16.53788590.T.G_T,1.48921320490948e-08,EUR
phe_280_1,chr16.53788590.T.G_T,1.50295986189591e-08,EUR
phe_278_11,chr16.28840056.C.CCT_C,1.50642905564602e-08,EUR
phe_537,chr22.43928847.C.G_C,1.51301941134417e-08,EUR
phe_550,chrX.8938654.T.C_T,1.51314497314055e-08,EUR
phe_740,chr16.53769311.G.A_G,1.56517513359516e-08,EUR
phe_428_4,chr16.53769311.G.A_G,1.59540121580537e-08,EUR
phe_411_8,chr16.53769311.G.A_G,1.72956707892148e-08,EUR
phe_411_8,chrX.110685204.G.A_G,1.85497043214896e-08,EUR
phe_427_2,chr17.7630105.G.A_G,1.87184776666854e-08,EUR
phe_741,chr16.53788590.T.G_T,1.98873959562278e-08,EUR
phe_760,chrX.110685204.G.A_G,2.45971162938772e-08,EUR
phe_585_33,chr16.53788590.T.G_T,2.49377490896137e-08,EUR
phe_272,chr2.27891044.A.G_A,2.51270810345438e-08,EUR
phe_411_4,chr14.94378610.C.T_C,2.56499411403206e-08,EUR
phe_250_7,chr2.27375230.T.C_T,3.18287929312445e-08,EUR
phe_427_2,chr16.28817907.A.G_A,3.48336582191808e-08,EUR
phe_443_9,chr16.53769311.G.A_G,3.80059251931512e-08,EUR
phe_722_6,chrX.110685204.G.A_G,3.88777625444711e-08,EUR
phe_350,chr16.53769311.G.A_G,3.93078133751099e-08,EUR
phe_573_7,chr12.120977587.T.C_T,4.06725634545677e-08,EUR
phe_272_1,chr2.27891044.A.G_A,4.11185021695059e-08,EUR
phe_250_24,chr7.14991825.C.T_C,4.1863868512842e-08,EUR
phe_871,chr16.53788590.T.G_T,4.33263760001122e-08,EUR
phe_249,chr16.53769311.G.A_G,4.34924045450181e-08,EUR
phe_411_8,chrX.110576992.G.T_G,4.74091051665434e-08,EUR
phe_550_1,chrX.8912639.A.G_A,4.74844269067784e-08,EUR
phe_250_2,chrX.68398809.C.T_C,4.71237448538982e-12,AFR
phe_250,chrX.68398809.C.T_C,4.94373224173801e-12,AFR
phe_250,chrX.67757710.T.C_T,1.4010569685008799e-11,AFR
phe_250_2,chrX.67757710.T.C_T,3.0179404449191395e-11,AFR
phe_250_2,chrX.62606111.G.T_G,4.4023119285880493e-11,AFR
phe_250,chrX.62606111.G.T_G,4.8158886326223595e-11,AFR
phe_250,chrX.63629750.A.G_A,7.8282335472297e-11,AFR
phe_250_2,chrX.63629750.A.G_A,8.410019240802759e-11,AFR
phe_250,chrX.53345922.G.A_G,1.021931549743e-10,AFR
phe_250_2,chrX.53345922.G.A_G,1.13569329410587e-10,AFR
phe_250_2,chrX.56376134.T.G_T,2.65728131748759e-10,AFR
phe_250,chrX.56376134.T.G_T,3.72429870416365e-10,AFR
phe_250,chrX.66670339.G.T_G,4.05285295591079e-10,AFR
phe_250,chrX.64137789.T.C_T,4.19413153604764e-10,AFR
phe_250,chrX.64214900.A.G_A,4.29526225062093e-10,AFR
phe_250_2,chrX.64214900.A.G_A,4.48619239423393e-10,AFR
phe_250_2,chrX.64137789.T.C_T,5.014972861187801e-10,AFR
phe_250,chrX.67215763.C.T_C,5.40136403978549e-10,AFR
phe_250_2,chrX.66670339.G.T_G,7.010537944318461e-10,AFR
phe_250_2,chrX.64866125.A.G_A,7.06231594620985e-10,AFR
phe_250,chrX.64866125.A.G_A,8.31309529988386e-10,AFR
phe_250_2,chrX.64825934.C.G_C,8.71837627278664e-10,AFR
phe_250_2,chrX.67215763.C.T_C,8.85562523144367e-10,AFR
phe_401,chrX.53345922.G.A_G,9.61942742902143e-10,AFR
phe_250,chrX.64825934.C.G_C,9.68556852126721e-10,AFR
phe_401_1,chrX.53345922.G.A_G,1.1753220584938901e-09,AFR
phe_250_2,chrX.65394940.G.T_G,1.86307952123092e-09,AFR
phe_401,chrX.63629750.A.G_A,1.9170023797443803e-09,AFR
phe_250,chrX.65394940.G.T_G,2.07417669569665e-09,AFR
phe_250_2,chrX.65392219.T.G_T,2.18291829134628e-09,AFR
phe_401_1,chrX.63629750.A.G_A,2.25203085174734e-09,AFR
phe_250,chrX.65392219.T.G_T,2.4305635556596304e-09,AFR
phe_250_2,chrX.57360215.A.G_A,3.6254286117603303e-09,AFR
phe_250,chrX.57360215.A.G_A,3.76590687668072e-09,AFR
phe_250_2,chrX.50772588.C.T_C,4.98635162484748e-09,AFR
phe_401_1,chrX.62606111.G.T_G,5.161527873149521e-09,AFR
phe_401,chrX.62606111.G.T_G,5.2687115791686505e-09,AFR
phe_250,chrX.50772588.C.T_C,5.78193510132611e-09,AFR
phe_401_1,chrX.64825934.C.G_C,2.04408696357034e-08,AFR
phe_401_1,chrX.64866125.A.G_A,2.46262254356872e-08,AFR
phe_401_1,chrX.64137789.T.C_T,2.57071667536236e-08,AFR
phe_401,chrX.64137789.T.C_T,3.21477453840081e-08,AFR
phe_401_1,chrX.68398809.C.T_C,3.42324169054838e-08,AFR
phe_401,chrX.64825934.C.G_C,3.45240629183157e-08,AFR
phe_401_1,chrX.65394940.G.T_G,3.69739870974631e-08,AFR
phe_401,chrX.68398809.C.T_C,3.77159792218868e-08,AFR
phe_401,chrX.64866125.A.G_A,3.82915404978254e-08,AFR
phe_401_1,chrX.65392219.T.G_T,4.22018872599264e-08,AFR
phe_573_7,chr22.43981562.A.G_A,1.36625154687474e-14,AMR
phe_571_5,chr22.43981562.A.G_A,3.59346690593387e-11,AMR
phe_571,chr22.43981562.A.G_A,1.58795467195081e-10,AMR
